MatchID,Player,PlayerAverageX,PlayerAverageY,CountValue,isSubstitution
1,Huskies_G1,7.675,45.875,40,0
1,Huskies_D1,34.2519,77.837,135,0
1,Huskies_D2,33.9767,56.8721,86,0
1,Huskies_D3,34.8496,23.6541,133,0
1,Huskies_D4,51.5714,13.2,70,0
1,Huskies_D5,55.4615,89.1846,65,1
1,Huskies_M1,50.9735,74.4768,151,0
1,Huskies_M2,50.7037,30,54,0
1,Huskies_M3,45.1803,46.418,122,0
1,Huskies_M4,58.4857,28.4857,35,1
1,Huskies_M5,66.8824,48.4706,17,1
1,Huskies_F1,63.2346,70.5432,81,0
1,Huskies_F2,56.6692,65.2406,133,0
1,Huskies_F3,68.5577,39.0192,52,0
1,Opponent1_G1,88.7714,44.7429,35,0
1,Opponent1_D1,50.7733,82.3333,75,0
1,Opponent1_D2,60.0139,63.3056,72,0
1,Opponent1_D3,58.0541,27.3649,74,0
1,Opponent1_D4,60.7857,57.8571,42,0
1,Opponent1_M1,45.1132,54.9528,106,0
1,Opponent1_M2,35.5,33.8889,72,0
1,Opponent1_M3,42.0471,45.0118,85,0
1,Opponent1_F1,32.4468,63.0638,47,0
1,Opponent1_F2,39.8088,65.2941,68,0
1,Opponent1_F3,43.1481,18.0185,54,0
1,Opponent1_F4,27.9643,47.4643,28,1
1,Opponent1_F5,31.6286,66.2,35,1
2,Huskies_G1,9.2459,51.0328,61,0
2,Huskies_D1,31.1429,77.0635,63,0
2,Huskies_D2,33.6098,55.561,41,0
2,Huskies_D3,29.3651,35.0317,63,0
2,Huskies_D4,40.1731,15.9038,52,0
2,Huskies_D6,49.7857,88.1735,98,0
2,Huskies_M1,44.2394,70.169,71,0
2,Huskies_M2,46.0588,48.1176,17,1
2,Huskies_M3,43.5962,43.4231,52,0
2,Huskies_M4,57.7857,66.0714,28,0
2,Huskies_M6,43.55,13.8,20,1
2,Huskies_M7,52.5,57.25,4,1
2,Huskies_F1,71.2785,71.1646,79,0
2,Huskies_F2,60,65.1325,83,0
2,Opponent2_G1,90.6667,52.0417,48,0
2,Opponent2_D1,39.9706,18.4706,34,0
2,Opponent2_D2,55.6948,59.1429,154,0
2,Opponent2_D3,70.4909,52.7091,55,0
2,Opponent2_D4,60.2741,58.7852,135,0
2,Opponent2_D5,31.18,13.12,50,1
2,Opponent2_M1,53.125,68.8125,128,0
2,Opponent2_M2,38.0155,58.3721,129,0
2,Opponent2_M3,46.6,85.15,60,0
2,Opponent2_M4,41.766,52.9645,141,0
2,Opponent2_M5,33.9767,40.3488,43,1
2,Opponent2_F1,40.2794,62.8382,68,0
2,Opponent2_F2,30.202,55.404,99,0
2,Opponent2_F3,38.3704,45.6173,81,1
3,Huskies_G1,10.4286,48.4416,77,0
3,Huskies_D1,31.4,70.8632,95,0
3,Huskies_D2,31.6881,47.9817,109,0
3,Huskies_D3,33.6559,27.7527,93,0
3,Huskies_D4,44.971,13.3333,69,0
3,Huskies_D6,49.4881,85.9762,84,0
3,Huskies_M1,48.0103,52.1753,97,0
3,Huskies_M4,44.6034,50.1724,58,0
3,Huskies_M6,56.0794,36.4444,63,0
3,Huskies_M7,43.6415,57.9245,53,1
3,Huskies_M8,64.7778,50.5556,9,1
3,Huskies_F1,70,53.4545,33,1
3,Huskies_F2,59.4519,61.625,104,0
3,Huskies_F3,62.7073,64.7073,41,0
3,Opponent3_G1,89.1594,52.6812,69,0
3,Opponent3_D1,64.125,74.2237,152,0
3,Opponent3_D2,57.0867,20.0267,150,0
3,Opponent3_D3,64.9672,49.4344,122,0
3,Opponent3_D4,52.5546,85.3193,119,0
3,Opponent3_D5,62.3846,18.2308,13,1
3,Opponent3_M1,45.426,44.3728,169,0
3,Opponent3_M2,37.5882,17.3333,51,0
3,Opponent3_M3,44.9118,61.4779,136,0
3,Opponent3_M4,34.7426,44.1324,136,0
3,Opponent3_M5,43.5909,67.0909,22,1
3,Opponent3_F1,35.0864,59.0741,81,0
3,Opponent3_F2,38.1412,64.4824,85,0
3,Opponent3_F3,32.25,54.875,16,1
4,Huskies_G1,9.01724,46.7759,58,0
4,Huskies_D1,31.0312,66.9375,96,0
4,Huskies_D2,34.4513,32.115,113,0
4,Huskies_D4,48.6186,11.9831,118,0
4,Huskies_D5,48.9624,88.1128,133,0
4,Huskies_M1,43.8144,53.5258,97,0
4,Huskies_M2,60.3243,37.0541,37,0
4,Huskies_M3,43.4479,50.8125,96,0
4,Huskies_M4,44.9623,29.1698,53,1
4,Huskies_M6,61.747,32.9639,83,0
4,Huskies_M9,49.4762,50.9048,21,1
4,Huskies_F1,64.5556,58.3333,27,1
4,Huskies_F2,58.91,55.22,100,0
4,Huskies_F3,67.8077,47.5577,52,0
4,Opponent4_G1,90.0652,48.413,46,0
4,Opponent4_D1,60.122,74.5285,123,0
4,Opponent4_D2,71.6939,52.2449,98,0
4,Opponent4_D3,64.9913,26.1043,115,0
4,Opponent4_D4,48.5082,11.6311,122,0
4,Opponent4_D5,43.392,85.272,125,0
4,Opponent4_M1,39.2766,60.5851,94,0
4,Opponent4_M2,36.4767,31.4419,86,0
4,Opponent4_M3,44.9186,46.0698,86,0
4,Opponent4_M4,31.1589,51.9813,107,0
4,Opponent4_M5,39.4444,51.4444,9,1
4,Opponent4_M6,47.04,71.72,25,1
4,Opponent4_F1,26.1235,48.6049,81,0
4,Opponent4_F2,24.2143,72.7143,14,1
5,Huskies_G1,11.1556,52.5333,45,0
5,Huskies_D1,33.0435,75.9826,115,0
5,Huskies_D2,27.3253,55.3494,83,0
5,Huskies_D3,34.0682,27.5455,88,0
5,Huskies_D4,47.8235,14.2059,68,0
5,Huskies_D5,50.0439,89.2632,114,0
5,Huskies_M1,45.5692,50.5154,130,0
5,Huskies_M3,41.9155,50.0986,142,0
5,Huskies_M4,53.8154,70.4154,65,0
5,Huskies_M5,55.0625,47.625,16,1
5,Huskies_M6,51.1573,38.8202,89,0
5,Huskies_F1,67.95,64.65,20,1
5,Huskies_F2,57.9058,49.0942,138,0
5,Huskies_F3,62.6071,53.9286,28,1
5,Opponent5_G1,91.1304,49.1304,23,0
5,Opponent5_D1,62.1386,64.9802,101,0
5,Opponent5_D2,43.9022,13.1848,92,0
5,Opponent5_D3,45.9863,88.6438,146,0
5,Opponent5_D4,61.8056,40.3333,72,0
5,Opponent5_M1,47.9643,62.125,168,0
5,Opponent5_M2,44.5089,41.3661,112,0
5,Opponent5_M3,38.2721,66.6985,136,0
5,Opponent5_M4,35.8667,45.7,90,0
5,Opponent5_M5,31.6341,69.9268,41,1
5,Opponent5_M6,42.6071,67.8214,28,1
5,Opponent5_F1,30.9677,56.4516,62,0
5,Opponent5_F2,28.3929,76.3929,56,0
5,Opponent5_F3,21,61.6,5,1
6,Huskies_G1,9.45238,46.3095,42,0
6,Huskies_D2,35.8444,30.6222,90,0
6,Huskies_D4,52.6667,10.9872,78,0
6,Huskies_D5,55.3523,91.9432,88,0
6,Huskies_D6,34.2637,71.8352,91,0
6,Huskies_D7,45.1667,84.0556,18,1
6,Huskies_M1,50.4125,53.5938,160,0
6,Huskies_M2,53.1633,57.6122,49,0
6,Huskies_M3,47.4219,53.6406,128,0
6,Huskies_M4,62.6667,69.8958,48,1
6,Huskies_M6,59.5634,36.5493,71,0
6,Huskies_F1,75.0594,67.1485,101,0
6,Huskies_F2,59.9355,66.4194,62,0
6,Huskies_F4,80.1875,43.0312,32,1
6,Opponent6_G1,92.5385,50.0769,39,0
6,Opponent6_D1,49.2689,88.4622,119,0
6,Opponent6_D2,47.9612,18.3592,103,0
6,Opponent6_D3,67.9556,31.3,90,0
6,Opponent6_D4,66.3692,72.4,65,0
6,Opponent6_D5,69.4,62.4,25,1
6,Opponent6_M1,51.208,61.36,125,0
6,Opponent6_M2,43.844,78.211,109,0
6,Opponent6_M3,49.375,47.5268,112,0
6,Opponent6_M4,37.0125,25.875,80,0
6,Opponent6_F1,31.5161,62.4516,31,0
6,Opponent6_F2,32.1735,55.1837,98,0
6,Opponent6_F3,30.4,34.4,10,1
6,Opponent6_F4,37.6429,60.5,14,1
7,Huskies_G1,12.18,48.94,50,0
7,Huskies_D1,35.9638,70.0942,138,0
7,Huskies_D2,42.4,37.9929,140,0
7,Huskies_D4,57.8534,12.2241,116,0
7,Huskies_D5,50.648,89.2,125,0
7,Huskies_M1,50.3899,60.1572,159,0
7,Huskies_M3,52.3736,44.1319,91,0
7,Huskies_M4,65.25,56.8438,32,1
7,Huskies_M6,67.0729,39.5104,96,0
7,Huskies_M9,61.8644,73.4576,59,0
7,Huskies_F1,71.5104,59.1458,96,0
7,Huskies_F2,61.625,52.3958,48,1
7,Huskies_F3,69,56.9231,13,1
7,Huskies_F4,75.1928,39.2048,83,0
7,Opponent7_G1,90.7179,45.2308,39,0
7,Opponent7_D1,74.3966,71.9828,58,0
7,Opponent7_D2,51.2838,84.4054,74,0
7,Opponent7_D3,71.1831,36.9014,71,0
7,Opponent7_D4,58.1765,19.5686,51,0
7,Opponent7_M1,35.0806,65.9516,62,0
7,Opponent7_M2,60.4348,61.1196,92,0
7,Opponent7_M3,55.0779,46.7922,77,0
7,Opponent7_M4,43.6806,37.5278,72,0
7,Opponent7_M5,43.4286,72.0816,49,0
7,Opponent7_F1,31.3535,56.7576,99,0
7,Opponent7_F2,53.25,84.25,8,1
8,Huskies_G1,11.7917,48.7917,48,0
8,Huskies_D1,34.6772,65.5354,127,0
8,Huskies_D3,32.0792,39.297,101,0
8,Huskies_D4,48.1209,8.82418,91,0
8,Huskies_D6,49.0331,80.2231,121,0
8,Huskies_M1,50.963,55.8796,108,0
8,Huskies_M3,44.1188,39.9307,101,0
8,Huskies_M4,59,81.3333,3,1
8,Huskies_M5,51.3846,34.3077,13,1
8,Huskies_M6,61.3529,53.5882,51,0
8,Huskies_M9,64.0532,71.5426,94,0
8,Huskies_F1,62.1566,21.747,83,0
8,Huskies_F2,58.6203,52.8354,79,0
8,Huskies_F4,71.6316,37.5263,19,1
8,Opponent8_G1,90.6977,50.2558,43,0
8,Opponent8_D1,57.63,14.37,100,0
8,Opponent8_D2,67.2292,28.6667,48,0
8,Opponent8_D3,64.0833,71.5926,108,0
8,Opponent8_D4,55.4286,87.6071,84,0
8,Opponent8_D5,71.3077,31.8462,13,1
8,Opponent8_M1,54.2039,64.5825,103,0
8,Opponent8_M2,37.29,41.74,100,0
8,Opponent8_M3,58.5698,42.6628,86,0
8,Opponent8_M4,47.9891,87.0217,92,0
8,Opponent8_M5,44.0909,25.0909,88,0
8,Opponent8_F1,37.7938,53.9897,97,0
8,Opponent8_F2,30.5217,75.5652,23,1
8,Opponent8_F3,28.0833,34,12,1
9,Huskies_G1,9.96296,47.1481,54,0
9,Huskies_D1,38.8767,68.6301,73,0
9,Huskies_D2,33.6,59.05,20,0
9,Huskies_D3,33.9016,32.6557,61,0
9,Huskies_D4,46.4407,14.6271,59,0
9,Huskies_D7,46.3636,85.0909,55,0
9,Huskies_M1,50.0164,62.5902,61,0
9,Huskies_M4,47.0244,57.3659,41,1
9,Huskies_M6,48.4468,37.4468,47,0
9,Huskies_M9,56.0465,55.7907,86,0
9,Huskies_M10,61.3684,55.5263,19,1
9,Huskies_F1,72.3514,60.2297,74,0
9,Huskies_F2,63.6935,63.6935,62,0
9,Huskies_F4,72.75,58.9167,12,1
9,Opponent9_G1,90.3,53.55,40,0
9,Opponent9_D1,68.4767,55.3953,86,0
9,Opponent9_D2,59.6287,81.3653,167,0
9,Opponent9_D3,61.4803,21.5197,127,0
9,Opponent9_D4,49.2886,87.1007,149,0
9,Opponent9_D5,40.6593,18.5165,91,0
9,Opponent9_M1,39.0484,39.5726,124,0
9,Opponent9_M2,41.4755,47.8671,143,0
9,Opponent9_M3,53.7755,56.1888,196,0
9,Opponent9_M4,43.1111,49.5833,36,1
9,Opponent9_M5,55.2727,45.0455,22,1
9,Opponent9_F1,32.9854,67.8175,137,0
9,Opponent9_F2,36.5658,52.0921,76,0
10,Huskies_G1,12.975,47.375,40,0
10,Huskies_D2,40.7875,41.3125,80,0
10,Huskies_D3,42.934,70.6981,106,0
10,Huskies_D4,53.3509,15.2456,114,0
10,Huskies_D7,56.2677,87.3543,127,0
10,Huskies_M1,53.8992,42.7752,129,0
10,Huskies_M4,58.287,60.5826,115,0
10,Huskies_M5,61.1774,35.871,62,0
10,Huskies_M6,68.0833,37.3333,12,1
10,Huskies_M8,64.1277,81.7234,47,0
10,Huskies_M11,53.66,55.9,50,1
10,Huskies_F1,70.3418,58.481,79,0
10,Huskies_F2,63.5942,44.5942,138,0
10,Huskies_F4,78.1346,36.8654,52,1
10,Opponent10_G1,90.4651,48.7907,43,0
10,Opponent10_D1,63.3194,20.8472,72,0
10,Opponent10_D2,65.1667,38.8333,60,0
10,Opponent10_D3,52.2022,82.2135,89,0
10,Opponent10_D4,58.0721,88.964,111,0
10,Opponent10_D5,71.2568,72.4189,74,0
10,Opponent10_M1,51.4526,62.0526,95,0
10,Opponent10_M2,47.2597,33.2857,77,0
10,Opponent10_M3,59.2292,42.9375,96,0
10,Opponent10_M4,43.283,49.4528,53,0
10,Opponent10_M5,60.6667,84.7778,9,1
10,Opponent10_F1,36.5735,58.1765,68,0
10,Opponent10_F2,52.0909,70,11,1
10,Opponent10_F3,30.1429,79.1429,7,1
11,Huskies_G1,7.46,51.16,50,0
11,Huskies_D1,36.7843,32.6078,51,0
11,Huskies_D3,32.75,68.4444,72,0
11,Huskies_D4,54.1143,19.4857,35,0
11,Huskies_D7,37.4432,88.6818,88,0
11,Huskies_M1,44.7684,43.9474,95,0
11,Huskies_M4,54.3579,59.8421,95,0
11,Huskies_M6,50.5738,67.5902,61,0
11,Huskies_M8,64.6667,79.7333,15,1
11,Huskies_M10,59.8,58.85,40,1
11,Huskies_M11,49.1373,65.4902,51,0
11,Huskies_F1,70.5429,32.3429,35,1
11,Huskies_F2,54.9508,27.2459,61,0
11,Huskies_F4,74.9091,57.2468,77,0
11,Opponent11_G1,91.8667,46.1333,15,0
11,Opponent11_G2,90.6667,45.5833,12,1
11,Opponent11_D1,45.6846,15.9154,130,0
11,Opponent11_D2,50.8547,88.5897,117,0
11,Opponent11_D3,64.1795,42.2308,39,0
11,Opponent11_D4,67.0349,72.1744,86,0
11,Opponent11_D5,66.8148,33.3333,27,1
11,Opponent11_M1,45.7913,55.113,115,0
11,Opponent11_M2,53.7852,47.0336,149,0
11,Opponent11_M3,43.8318,19.1963,107,0
11,Opponent11_M4,37.2812,46.6458,96,0
11,Opponent11_F1,31.8984,83.1016,128,0
11,Opponent11_F2,32.3793,60.5632,87,0
11,Opponent11_F3,33.0714,46.1429,14,1
12,Huskies_G1,8.28205,47.7436,39,0
12,Huskies_D1,33.4058,38.0435,69,0
12,Huskies_D3,26.38,66.14,50,0
12,Huskies_D4,35.9286,12.125,56,0
12,Huskies_D7,33.5224,85.7761,67,0
12,Huskies_M1,42.4805,63.5974,77,0
12,Huskies_M3,42.6471,51.9412,34,0
12,Huskies_M4,43,45.6216,37,1
12,Huskies_M6,47,33.2564,78,0
12,Huskies_M8,49.1667,86.2381,42,0
12,Huskies_M10,46.4722,17.3611,36,0
12,Huskies_F1,60.9811,68.7736,53,1
12,Huskies_F3,77.4615,39.1538,13,1
12,Huskies_F4,64.6203,42.3544,79,0
12,Opponent12_G1,90.6818,48.8864,44,0
12,Opponent12_D1,61.3402,35.1856,97,0
12,Opponent12_D2,45.6,14.2,135,0
12,Opponent12_D3,63.6316,71.6491,114,0
12,Opponent12_D4,50.36,83.768,125,0
12,Opponent12_M1,35.4031,20.7364,129,0
12,Opponent12_M2,49.4141,41.2188,128,0
12,Opponent12_M3,28.6754,34.0789,114,0
12,Opponent12_M4,39.2619,73.4524,84,0
12,Opponent12_M5,48.9605,47.2566,152,0
12,Opponent12_M6,25.9444,73.963,108,0
12,Opponent12_M7,40.9167,68.3333,12,1
12,Opponent12_F1,22.1053,44.2105,19,1
13,Huskies_G1,9.26316,46.9211,38,0
13,Huskies_D1,32.1087,29.5652,46,0
13,Huskies_D2,30.4717,49.6792,53,1
13,Huskies_D3,32.6709,74.2785,79,0
13,Huskies_D4,41.1429,14.0714,14,0
13,Huskies_D7,46.4471,31.0235,85,0
13,Huskies_M1,43.0917,45.8349,109,0
13,Huskies_M3,49.1644,51.2877,73,0
13,Huskies_M5,65.7297,57.7838,37,0
13,Huskies_M6,52.8667,34.8533,75,0
13,Huskies_M8,50.8313,86.4578,83,0
13,Huskies_M9,59.4643,71.0714,28,1
13,Huskies_M10,55.2188,29.375,32,1
13,Huskies_F1,67.614,39.9649,114,0
13,Opponent13_G1,89.9429,49.3143,35,0
13,Opponent13_D1,62.55,30.025,160,0
13,Opponent13_D2,65.4767,64.7674,172,0
13,Opponent13_D3,48.5132,10.0921,152,0
13,Opponent13_D4,46.8022,87.6758,182,0
13,Opponent13_D5,64.8333,31.8333,6,1
13,Opponent13_M1,30.0652,51.3261,92,0
13,Opponent13_M2,51.7778,57.2995,207,0
13,Opponent13_M3,51.1757,39,148,0
13,Opponent13_M4,38.5882,28.8992,119,0
13,Opponent13_M5,36.3282,76.4962,131,0
13,Opponent13_M6,42.9412,46.2941,17,1
13,Opponent13_F1,33.7869,54.8033,61,0
13,Opponent13_F2,26.4545,75.4545,22,1
14,Huskies_G1,8.46667,45.6444,45,0
14,Huskies_D2,30.6632,37.4211,95,0
14,Huskies_D5,37.9912,15.8673,113,0
14,Huskies_D6,32.5111,69.4667,90,0
14,Huskies_D7,45.1188,84.4158,101,0
14,Huskies_M1,40.2019,54.0769,104,0
14,Huskies_M4,50.6289,65.8454,97,0
14,Huskies_M6,59.0392,37.7843,102,0
14,Huskies_M8,54.2159,57.6136,88,0
14,Huskies_M9,68.1429,41.2857,7,1
14,Huskies_M10,47.8889,11.2222,9,1
14,Huskies_M11,39.8333,49.6667,12,1
14,Huskies_F1,66.3246,54.4825,114,0
14,Huskies_F2,45.6853,34.1049,143,0
14,Opponent14_G1,90.9773,50.0909,44,0
14,Opponent14_D1,46.7281,13.9035,114,0
14,Opponent14_D2,48.1429,86.5,112,0
14,Opponent14_D3,63.0187,36.2991,107,0
14,Opponent14_D4,64.42,68.2533,150,0
14,Opponent14_D5,38.1977,81.2442,86,0
14,Opponent14_D6,60.1333,32.4,15,1
14,Opponent14_M1,44.8957,53.5215,163,0
14,Opponent14_M2,53.8333,52.3182,66,0
14,Opponent14_M3,41.4253,38.6092,87,0
14,Opponent14_F1,28.1087,22.3478,46,0
14,Opponent14_F2,31.1639,45.8852,61,0
14,Opponent14_F3,26.3125,37.125,32,1
14,Opponent14_F4,41.641,28.1795,39,1
15,Huskies_G1,8.54545,49.2273,44,0
15,Huskies_D1,43,73.0769,13,1
15,Huskies_D2,29.9367,36.3291,79,0
15,Huskies_D5,44.0978,16.7174,92,0
15,Huskies_D6,35.2179,64.5128,78,0
15,Huskies_D7,48.4563,88.6117,103,0
15,Huskies_M1,44.5842,55.3267,101,0
15,Huskies_M3,45.4762,58.0952,21,1
15,Huskies_M4,59.0127,69.5063,79,0
15,Huskies_M6,59.9221,30.4416,77,0
15,Huskies_M8,59.1569,86.3529,51,0
15,Huskies_M10,57.6667,73.0741,27,1
15,Huskies_F1,67.5333,50.8833,120,0
15,Huskies_F2,50.1053,42.2211,95,0
15,Opponent15_G1,86.4909,48.0909,55,0
15,Opponent15_D1,61.7526,28.6392,97,0
15,Opponent15_D2,47.1348,14.9438,89,0
15,Opponent15_D3,67.2184,74.3448,87,0
15,Opponent15_D4,49.9231,88.8,65,0
15,Opponent15_M1,37.4167,58.0208,48,0
15,Opponent15_M2,56.8163,59.5,98,0
15,Opponent15_M3,42.2578,51.3516,128,0
15,Opponent15_M4,46.0513,41.9231,39,1
15,Opponent15_F1,42.1571,72.3571,70,0
15,Opponent15_F2,33.1296,50.9074,54,0
15,Opponent15_F3,30.0435,20.9565,23,0
15,Opponent15_F4,33.2941,54.0588,17,1
16,Huskies_G1,8.36364,50.6364,33,0
16,Huskies_D2,28.0435,37.1522,46,0
16,Huskies_D3,19.5,42.5,2,1
16,Huskies_D5,26.0784,20.8627,51,0
16,Huskies_D6,24.7143,63.0571,35,0
16,Huskies_D7,27.3818,76.8727,55,0
16,Huskies_M1,39.5167,49.2833,60,0
16,Huskies_M3,44.48,52.24,25,1
16,Huskies_M4,45,59.6818,22,0
16,Huskies_M6,44.6,27.86,50,0
16,Huskies_M8,57.7407,74.2593,27,1
16,Huskies_F1,67.0685,52.6027,73,0
16,Huskies_F2,42.5435,69.913,46,0
16,Huskies_F4,61.0833,27.0833,24,0
16,Opponent16_G1,88.8,49.6333,30,0
16,Opponent16_D1,61.2483,69.4483,145,0
16,Opponent16_D2,48.2965,12.6337,172,0
16,Opponent16_D3,39.1176,88.0695,187,0
16,Opponent16_D4,66.2971,35.1449,138,0
16,Opponent16_M1,45.6429,45.6238,210,0
16,Opponent16_M2,34.5903,32.5625,144,0
16,Opponent16_M3,39.6425,67.5751,193,0
16,Opponent16_F1,29.5111,64.563,135,0
16,Opponent16_F2,26.4485,21.6544,136,0
16,Opponent16_F3,30.2568,55.0135,74,0
16,Opponent16_F4,25.6154,37.1923,26,1
16,Opponent16_F5,36.2857,70.3714,35,1
16,Opponent16_F6,37.2308,51.2308,13,1
17,Huskies_G1,10.0698,51.1628,43,0
17,Huskies_D2,27.8605,38.2442,86,0
17,Huskies_D3,22.8571,34.7143,7,1
17,Huskies_D5,42.5752,13.354,113,0
17,Huskies_D6,29.9083,69.9908,109,0
17,Huskies_D7,45.8485,88.0202,99,0
17,Huskies_M1,46.6216,55.5541,148,0
17,Huskies_M3,44.5766,42.7928,111,0
17,Huskies_M4,45.3333,27.9333,15,1
17,Huskies_M6,56.1644,30.2603,73,0
17,Huskies_M8,61.4,80.1667,30,0
17,Huskies_M9,61.3,78.875,40,1
17,Huskies_F1,63.2361,56.7361,72,0
17,Huskies_F2,56.5312,45.4271,96,0
17,Opponent17_G1,87.7674,46.8837,43,0
17,Opponent17_D1,63.8381,28.3048,105,0
17,Opponent17_D2,42.2333,17.475,120,0
17,Opponent17_D3,60.9774,72.7744,133,0
17,Opponent17_D4,51.1466,87.0603,116,0
17,Opponent17_M1,48.6446,44.9339,121,0
17,Opponent17_M2,36.5699,74.129,93,0
17,Opponent17_M3,33.5588,51.0735,68,0
17,Opponent17_M4,34.7071,29.303,99,0
17,Opponent17_M5,46.7956,49.2555,137,0
17,Opponent17_M6,38.4706,69.3529,17,1
17,Opponent17_F1,31.8276,57.7931,58,0
17,Opponent17_F2,35.75,62.1429,28,1
18,Huskies_G1,11.1176,48.7353,34,0
18,Huskies_D2,31.8077,32.5385,78,0
18,Huskies_D5,42.9293,14.4141,99,0
18,Huskies_D6,30.8818,68.4545,110,0
18,Huskies_D7,44.8068,88.7045,88,0
18,Huskies_M1,48.0507,47.1014,138,0
18,Huskies_M3,44.7209,46.6163,86,0
18,Huskies_M4,49.9706,58.1176,34,1
18,Huskies_M6,59.382,23.8427,89,0
18,Huskies_M8,65.5577,77.1923,52,0
18,Huskies_M10,53.8182,67.1364,22,1
18,Huskies_F1,73.0667,32.9467,75,0
18,Huskies_F2,59.0421,38.7474,95,0
18,Huskies_F3,71,53,1,1
18,Opponent18_G1,92.1316,49.6053,38,0
18,Opponent18_D1,69.8706,70.2,85,0
18,Opponent18_D2,70.6667,24.8718,78,0
18,Opponent18_D3,59.6909,15.9364,110,0
18,Opponent18_D4,53.9326,86.1461,89,0
18,Opponent18_M1,41.5319,68.3936,94,0
18,Opponent18_M2,48.2955,37.8977,88,0
18,Opponent18_M3,38.1136,13.1477,88,0
18,Opponent18_M4,55.5826,57.1739,115,0
18,Opponent18_M5,38.88,86.44,75,0
18,Opponent18_M6,42.6667,69.0833,12,1
18,Opponent18_F1,53,32,2,0
18,Opponent18_F2,33.4912,36.8246,57,1
18,Opponent18_F3,43.5,85.8333,24,1
19,Huskies_G1,8.46154,48.2692,52,0
19,Huskies_D1,35.1974,65.0921,76,0
19,Huskies_D2,22.8571,46.7619,21,1
19,Huskies_D3,33.7917,33.8333,96,0
19,Huskies_D5,37.5747,14.3448,87,0
19,Huskies_D7,45.3647,82.8588,85,0
19,Huskies_M1,43.8864,71.3636,44,0
19,Huskies_M3,42.0467,44.486,107,0
19,Huskies_M4,57.0256,48.4872,39,0
19,Huskies_M6,57.5217,33.6957,92,0
19,Huskies_M8,58,83.931,29,0
19,Huskies_M11,50.2,61.5143,35,1
19,Huskies_F1,62.1405,39.0496,121,0
19,Huskies_F3,56.7561,65.9268,41,1
19,Opponent3_G1,91.2143,50.4762,42,0
19,Opponent3_D1,57.7885,77.0577,156,0
19,Opponent3_D2,56.6818,23.961,154,0
19,Opponent3_D4,43.6444,86.1852,135,0
19,Opponent3_D5,66.4519,52.8654,104,0
19,Opponent3_D6,18.75,12.5833,24,1
19,Opponent3_M1,29.4667,29.48,75,1
19,Opponent3_M2,32.0165,13.0331,121,0
19,Opponent3_M3,42.6879,39.7962,157,0
19,Opponent3_M4,31.6633,47.7245,98,0
19,Opponent3_M5,47.5357,60.6286,140,0
19,Opponent3_F2,36.7089,59.0127,79,0
19,Opponent3_F3,32.2222,33.6667,9,1
19,Opponent3_F4,29.9675,59.8896,154,0
20,Huskies_G1,7.66667,48.4167,36,0
20,Huskies_D1,34.5309,29.2963,81,0
20,Huskies_D2,32.493,56.662,71,0
20,Huskies_D5,46.028,13.0841,107,0
20,Huskies_D6,33.4625,78.025,80,0
20,Huskies_D7,52.7662,84.2338,77,0
20,Huskies_M3,46.5657,45.1313,99,0
20,Huskies_M4,55.7089,60.7468,79,0
20,Huskies_M6,56.974,35.3377,77,0
20,Huskies_M8,72,57.8846,26,1
20,Huskies_M11,48.25,25.5,4,1
20,Huskies_M12,69.9079,37.0263,76,0
20,Huskies_F1,63.8909,55.2,55,0
20,Huskies_F4,67.2759,47.1379,29,1
20,Opponent19_G1,90.8929,61.7143,28,0
20,Opponent19_D1,50.6627,87.8916,83,0
20,Opponent19_D2,65.5714,72.5455,77,0
20,Opponent19_D3,71.2917,50.2708,48,0
20,Opponent19_D4,50.2039,18.0485,103,0
20,Opponent19_M1,48.1416,40.1858,113,0
20,Opponent19_M2,45.4355,58.4194,62,0
20,Opponent19_M3,42.4907,74.9352,108,0
20,Opponent19_M4,31.1319,13.4505,91,0
20,Opponent19_M5,48.875,29.1875,32,1
20,Opponent19_M6,40.375,28.75,8,1
20,Opponent19_F1,32.2857,47.0857,70,0
20,Opponent19_F2,33.3429,47.5143,35,0
20,Opponent19_F3,32.3333,65.2593,27,1
21,Huskies_G1,10.1618,45.2353,68,0
21,Huskies_D1,29.6,61.9391,115,0
21,Huskies_D3,31.4214,34.8786,140,0
21,Huskies_D5,44.9009,17.5225,111,0
21,Huskies_D7,49.3908,85.2414,87,0
21,Huskies_M1,47.2623,56.4754,122,0
21,Huskies_M3,43.2636,51.8605,129,0
21,Huskies_M6,59.5743,29.8713,101,0
21,Huskies_M8,68.8261,75.0435,69,0
21,Huskies_M12,67.6667,20.0952,21,1
21,Huskies_M13,54.623,31.2951,61,0
21,Huskies_F1,67.68,48.96,50,0
21,Huskies_F2,48.3103,50.8793,58,1
21,Huskies_F4,68.5957,48.6383,47,1
21,Opponent6_G1,89.7619,45.5714,21,0
21,Opponent6_D2,42.0808,85.3333,99,0
21,Opponent6_D3,52.1957,12.7283,92,0
21,Opponent6_D4,71.2838,72.3378,74,0
21,Opponent6_D5,66.1014,33.8841,69,0
21,Opponent6_M3,50.9135,55.7115,104,0
21,Opponent6_M4,36.3243,34.9324,74,0
21,Opponent6_M5,52.9286,48.0714,70,0
21,Opponent6_M6,37.9065,77.3178,107,0
21,Opponent6_M7,67.1,78.2,10,1
21,Opponent6_F2,29.7333,50.6333,30,0
21,Opponent6_F3,31.4051,53.2658,79,1
21,Opponent6_F4,49.6667,19.5,6,1
21,Opponent6_F5,28.9138,48.7931,58,0
22,Huskies_G1,7.47059,47.9118,34,0
22,Huskies_D1,35.9765,68.8235,85,0
22,Huskies_D2,36.6333,40.95,60,0
22,Huskies_D5,44.7586,16.6552,87,0
22,Huskies_D6,61.1616,86.5051,99,0
22,Huskies_M3,50.6111,52.0444,90,0
22,Huskies_M4,58.4932,55.0685,73,0
22,Huskies_M8,60.4444,14.3889,18,1
22,Huskies_M9,67.1277,76.617,94,0
22,Huskies_M12,62.8,19.4615,65,0
22,Huskies_M13,57,52.75,28,1
22,Huskies_F1,58,76,4,1
22,Huskies_F2,53.2414,45.2299,87,0
22,Huskies_F4,70.2069,49.931,87,0
22,Opponent5_G1,92.25,45.6429,28,0
22,Opponent5_D1,66.7379,32.5049,103,0
22,Opponent5_D5,58.0796,83.6372,113,0
22,Opponent5_D6,65.8364,65.8273,110,0
22,Opponent5_D7,49.0989,10.8901,91,0
22,Opponent5_D8,57.8,84.2,5,1
22,Opponent5_M1,53.4759,55.4207,145,0
22,Opponent5_M4,39.4729,31.9147,129,0
22,Opponent5_M5,36.6516,65.6,155,0
22,Opponent5_M6,45.9952,41.6381,210,0
22,Opponent5_M7,41.3198,72.2326,172,0
22,Opponent5_F2,22,73.5,12,1
22,Opponent5_F3,30.6882,60.6989,93,0
23,Huskies_G1,7,47.8846,52,0
23,Huskies_D3,28.2692,37.9872,78,0
23,Huskies_D5,37.9307,19.9802,101,0
23,Huskies_D6,33.5844,64.2597,77,0
23,Huskies_D7,48.2651,86.5904,83,0
23,Huskies_M1,45.823,42.9646,113,0
23,Huskies_M3,45.8182,60.2273,22,1
23,Huskies_M6,54.7321,21.4107,56,0
23,Huskies_M8,52.72,67.64,25,1
23,Huskies_M12,60.6053,69.8684,38,0
23,Huskies_M13,46,57.3239,71,0
23,Huskies_F1,71.9333,41.8,30,1
23,Huskies_F2,59.7292,41.2812,96,0
23,Huskies_F5,64.4805,46.3506,77,0
23,Opponent4_G1,89.575,49.475,40,0
23,Opponent4_D1,66.381,64.254,126,0
23,Opponent4_D2,67.2857,30.5143,105,0
23,Opponent4_D5,54.8175,83.3651,126,0
23,Opponent4_D6,40.2846,12.374,123,0
23,Opponent4_M1,40.013,44.7273,154,0
23,Opponent4_M2,36.5714,27.3571,28,1
23,Opponent4_M3,50.7752,37.5349,129,0
23,Opponent4_M4,39.6159,56.6377,138,0
23,Opponent4_M5,50.6069,65.0828,145,0
23,Opponent4_M7,51.4,39.64,25,1
23,Opponent4_M8,57.6667,18.1667,6,1
23,Opponent4_F1,31.7292,52.4896,96,0
23,Opponent4_F2,31.7105,73.386,114,0
24,Huskies_G1,10.3333,47.9487,39,0
24,Huskies_D2,36.181,43.9224,116,0
24,Huskies_D5,45.6068,13.3932,117,0
24,Huskies_D6,37.2435,70.5826,115,0
24,Huskies_D7,46.0198,84.9307,101,0
24,Huskies_M3,42.5207,52.2231,121,0
24,Huskies_M6,63.27,43.41,100,0
24,Huskies_M9,66.3623,13.6232,69,0
24,Huskies_M12,58.1905,21.2063,63,1
24,Huskies_M13,57.2029,59.971,69,0
24,Huskies_F2,45.2029,41,69,1
24,Huskies_F4,65.4615,65.6154,26,1
24,Huskies_F5,63.7927,52.5244,82,0
24,Huskies_F6,64.4444,84.3737,99,0
24,Opponent19_G1,88.3171,62.0732,41,0
24,Opponent19_D1,58.7738,86.3095,84,0
24,Opponent19_D2,70.3,40.14,50,0
24,Opponent19_D3,71.9661,67.4576,59,0
24,Opponent19_D4,49.2771,18.0361,83,0
24,Opponent19_D5,65.3,44.5,10,1
24,Opponent19_M1,55.3947,48.7237,76,0
24,Opponent19_M2,32.5556,44.4444,9,1
24,Opponent19_M3,47.209,79.1045,67,0
24,Opponent19_M4,35.6216,16.8784,74,0
24,Opponent19_M5,53.4255,64.0638,94,0
24,Opponent19_M6,35.4444,79.1667,18,1
24,Opponent19_F1,42.7937,58.9524,63,0
24,Opponent19_F2,36.3852,60.2519,135,0
25,Huskies_G1,8.2381,48.4762,42,0
25,Huskies_D1,34.0538,32.4946,93,0
25,Huskies_D2,8,67,1,1
25,Huskies_D3,34.5286,66.1714,70,0
25,Huskies_D5,40.2308,15.9744,78,0
25,Huskies_D8,51.9255,88.4894,94,0
25,Huskies_M1,47.6381,49.4667,105,0
25,Huskies_M3,48.3333,71,3,1
25,Huskies_M4,63.6341,54.5244,82,0
25,Huskies_M6,59.9104,26.2388,67,0
25,Huskies_F1,72.6154,20.1538,13,1
25,Huskies_F2,48.8132,47.3736,91,0
25,Huskies_F4,63.6632,55.7053,95,0
25,Huskies_F6,59.6867,81.1446,83,0
25,Opponent10_G1,89,45.8909,55,0
25,Opponent10_D3,46.5773,88.3196,97,0
25,Opponent10_D4,47.8462,81.8462,13,1
25,Opponent10_D5,67.6818,64.4909,110,0
25,Opponent10_D6,66.6413,34.4674,92,0
25,Opponent10_M2,36.087,68.7174,46,0
25,Opponent10_M3,57.0971,46.0194,103,0
25,Opponent10_M5,48.5743,30.4752,101,0
25,Opponent10_M6,59.9533,43.5514,107,0
25,Opponent10_M7,63,14.79,100,0
25,Opponent10_F1,23.45,46.35,40,0
25,Opponent10_F2,44.1064,51.1489,47,0
25,Opponent10_F3,35.9091,41.7273,11,1
25,Opponent10_F4,38.8438,32.8438,32,1
26,Huskies_G1,10,46.5641,39,0
26,Huskies_D1,39.878,72.4634,41,0
26,Huskies_D2,37.0244,64,82,0
26,Huskies_D5,52,19.0139,72,0
26,Huskies_D7,57.6606,88.6972,109,0
26,Huskies_D9,43.0103,29.9794,97,0
26,Huskies_M1,52.7917,47.2188,96,0
26,Huskies_M3,50.3267,55.1584,101,0
26,Huskies_M4,66.4773,34.75,44,1
26,Huskies_M12,73.2706,39.4941,85,0
26,Huskies_F1,59.9688,37,32,1
26,Huskies_F4,72.0274,46.8219,73,0
26,Huskies_F5,69.2727,48.7273,11,1
26,Huskies_F6,64.4706,72.1373,51,0
26,Opponent5_M3,45.7524,34.1619,105,0
26,Opponent9_G1,91.5417,54.1667,24,0
26,Opponent9_G2,92.4545,43.3636,11,1
26,Opponent9_D2,51.7959,86.449,49,0
26,Opponent9_D3,70.6321,63.3396,106,0
26,Opponent9_D4,57.5738,82.082,61,1
26,Opponent9_D5,49.8678,14.3388,121,0
26,Opponent9_D6,69.0331,33.5033,151,0
26,Opponent9_M1,42.5102,59.1497,147,0
26,Opponent9_M2,45.0826,45.6198,121,0
26,Opponent9_M3,53.0186,54.441,161,0
26,Opponent9_M4,53.2857,52.5714,14,1
26,Opponent9_M6,44.712,70.712,125,0
26,Opponent9_F3,39.62,51.36,50,0
27,Huskies_G1,13.5882,50.8529,34,0
27,Huskies_D1,34.186,66.2674,86,0
27,Huskies_D2,28.1395,66.4419,43,1
27,Huskies_D5,49.8784,22,74,0
27,Huskies_D7,47.5,82.1042,48,1
27,Huskies_D8,53.0984,87.0328,61,0
27,Huskies_D9,41.4667,29.2444,45,0
27,Huskies_M1,48.5728,58.5922,103,0
27,Huskies_M3,47.6,51.4,5,1
27,Huskies_M4,62.046,50.7356,87,0
27,Huskies_M6,71.1429,29.5429,70,0
27,Huskies_F2,49.0377,40.8113,106,0
27,Huskies_F4,70.5122,52.6829,82,0
27,Huskies_F6,64.1869,75.271,107,0
27,Opponent12_G2,92.6667,51.4762,21,0
27,Opponent12_D2,50.7312,15.3441,93,0
27,Opponent12_D5,72.1633,43.7347,49,0
27,Opponent12_D6,66.4028,63.75,72,0
27,Opponent12_D7,49.7215,83.5316,79,0
27,Opponent12_M2,57.3804,35.8913,92,0
27,Opponent12_M3,35.3721,31.0233,86,0
27,Opponent12_M4,44.5698,66.2674,86,0
27,Opponent12_M5,54.6604,48.5849,106,0
27,Opponent12_F1,32.7286,61.9429,70,0
27,Opponent12_F2,36.2596,69.4038,104,0
28,Huskies_G1,12.1562,44.1562,32,0
28,Huskies_D1,38.8077,38.7051,78,0
28,Huskies_D2,35.0274,66.0137,73,0
28,Huskies_D5,41.2346,16.716,81,0
28,Huskies_D7,43.8977,83.0455,88,0
28,Huskies_M1,40.2302,55.6547,139,0
28,Huskies_M4,55.4625,62.1625,80,0
28,Huskies_M6,59.9041,28.1507,73,0
28,Huskies_M12,57,28.5882,17,1
28,Huskies_F1,72.8,64.3,10,1
28,Huskies_F2,47.7831,39.3735,83,0
28,Huskies_F4,62.4478,41.9403,67,0
28,Huskies_F5,64.9474,47.9474,38,1
28,Huskies_F6,59.2111,81.5444,90,0
28,Opponent11_G2,89.1176,51.2647,34,0
28,Opponent11_D1,36.2105,18.1053,38,1
28,Opponent11_D2,54.6575,85.4521,73,0
28,Opponent11_D5,69.3298,64.1064,94,0
28,Opponent11_D6,50.7449,15.9898,98,0
28,Opponent11_D7,66.3649,36.8919,74,0
28,Opponent11_M2,51.0828,41.2966,145,0
28,Opponent11_M3,34.6562,77.3125,32,1
28,Opponent11_M5,54.8158,58.1667,114,0
28,Opponent11_M6,39.4524,43.9048,42,0
28,Opponent11_F1,44.3115,73.3934,61,0
28,Opponent11_F3,26.6545,61.5273,55,1
28,Opponent11_F4,31.8784,48.527,74,0
28,Opponent11_F5,37.1061,24.2727,66,0
29,Huskies_G1,8.45714,43.2857,35,0
29,Huskies_D1,29.9231,34.3077,91,0
29,Huskies_D2,34.7353,63.8088,68,0
29,Huskies_D5,36.9804,12.5882,102,0
29,Huskies_D8,43.1061,85.1061,66,0
29,Huskies_M1,36.9221,42.8312,77,0
29,Huskies_M4,47.1463,48.8293,41,0
29,Huskies_M6,54.8148,30.7901,81,0
29,Huskies_M8,65.1948,81.8701,77,0
29,Huskies_M12,70.1667,7.16667,6,1
29,Huskies_F1,59.0917,22.175,120,0
29,Huskies_F2,47.0417,51.6458,48,1
29,Huskies_F4,66.2,25.48,25,1
29,Huskies_F5,62.1739,33.6812,69,0
29,Huskies_F6,61.2759,77.1954,87,0
29,Opponent7_G1,90.5435,46.7826,46,0
29,Opponent7_D1,64.625,76.1023,88,0
29,Opponent7_D2,47.641,89.7821,78,0
29,Opponent7_D3,66.1071,29.75,84,0
29,Opponent7_D4,51.3871,13.6129,124,0
29,Opponent7_M1,21.2188,72.8125,32,0
29,Opponent7_M2,46.5172,44.8391,87,0
29,Opponent7_M6,49.1019,58.537,108,0
29,Opponent7_M7,32.2159,76.4318,88,0
29,Opponent7_F1,33.0164,34.1639,61,1
29,Opponent7_F2,29.6146,45.5208,96,0
30,Huskies_G1,9.53846,51.359,39,0
30,Huskies_D1,40.086,36.3011,93,0
30,Huskies_D3,35.6216,67.0541,111,0
30,Huskies_D4,55.4118,19.6863,102,0
30,Huskies_D6,38.05,86.5,20,1
30,Huskies_D8,57.7538,86.5692,65,0
30,Huskies_M2,59,61.7273,11,1
30,Huskies_M4,57.2577,70.2577,97,0
30,Huskies_M6,59,41.5652,92,0
30,Huskies_M12,66.5652,20.4239,92,0
30,Huskies_F1,80.6364,69.8182,11,1
30,Huskies_F2,48.2331,51.797,133,0
30,Huskies_F5,65.0222,43.7111,90,0
30,Huskies_F6,69.8519,78.9012,81,0
30,Opponent8_G1,90.975,49,40,0
30,Opponent8_D2,73.0984,35.0164,61,0
30,Opponent8_D3,67.1343,71.2985,67,0
30,Opponent8_D4,34.6,87,5,1
30,Opponent8_D6,61.5469,84.1719,64,0
30,Opponent8_D7,63.4096,17.988,83,0
30,Opponent8_M1,54.9014,64.4225,71,0
30,Opponent8_M2,44.2111,47.3778,90,0
30,Opponent8_M5,51.6406,26.1875,64,0
30,Opponent8_M6,57.1887,35.3208,53,0
30,Opponent8_F1,33.5974,67.5065,77,0
30,Opponent8_F2,43.5714,74.1633,49,0
30,Opponent8_F4,39.4667,66.6,15,1
30,Opponent8_F5,30.875,58.875,16,1
31,Huskies_G1,9.57895,48.2368,38,0
31,Huskies_D1,36.0367,39.0642,109,0
31,Huskies_D3,32.6126,68.8559,111,0
31,Huskies_D4,47.5842,13.6436,101,0
31,Huskies_D6,37.2,72.8,5,1
31,Huskies_D8,50.449,85.2653,98,0
31,Huskies_M1,50.1496,48.063,127,0
31,Huskies_M3,48.125,27.375,8,1
31,Huskies_M4,61.6818,49.25,44,0
31,Huskies_M12,63.25,18.9474,76,0
31,Huskies_F1,64.9545,40.6591,44,1
31,Huskies_F2,50.5039,54.8661,127,0
31,Huskies_F5,70.5479,54,73,0
31,Huskies_F6,68.3182,81.4318,88,0
31,Opponent1_G1,90.3913,50.1522,46,0
31,Opponent1_D3,66.3939,71.3485,66,0
31,Opponent1_D4,70.8727,38.3636,55,0
31,Opponent1_D5,56.1867,84.5067,75,0
31,Opponent1_D6,52.6456,21.6582,79,0
31,Opponent1_M2,43.0154,29.0154,65,0
31,Opponent1_M3,45.3391,51.2174,115,0
31,Opponent1_M4,39.7391,81.2935,92,0
31,Opponent1_M5,56.1176,49.8824,51,0
31,Opponent1_M6,52.8308,51.2462,65,0
31,Opponent1_F1,23.5455,37.1818,11,1
31,Opponent1_F4,35,57.1831,71,0
31,Opponent1_F5,4,46,1,1
31,Opponent1_F6,53.8824,70.7059,17,0
32,Huskies_G1,6.5,47.4286,28,0
32,Huskies_D1,33.5,39,48,0
32,Huskies_D3,33.2449,62.4898,49,0
32,Huskies_D4,45.0926,17.0926,54,0
32,Huskies_D8,62.2895,89.1316,38,0
32,Huskies_M3,43.2453,53,53,0
32,Huskies_M4,64.7778,51.6296,27,1
32,Huskies_M11,49.4667,80.3333,15,1
32,Huskies_M12,63.4762,18.5,42,0
32,Huskies_F1,65.3421,39.2895,38,0
32,Huskies_F2,36.8182,45,22,0
32,Huskies_F4,71.7273,75.2727,11,1
32,Huskies_F5,61.8387,48.3548,31,0
32,Huskies_F6,64.6429,77.6071,28,0
32,Opponent2_G1,89.25,47.5,52,0
32,Opponent2_D1,41.472,14.344,125,0
32,Opponent2_D2,64.4357,27.249,241,0
32,Opponent2_D4,67.0677,60.2708,192,0
32,Opponent2_D5,73.5714,82.5714,7,1
32,Opponent2_D6,54.84,83.32,150,0
32,Opponent2_M1,49.1044,55.4451,364,0
32,Opponent2_M2,39.0545,64.6045,220,0
32,Opponent2_M3,34.3214,76.3357,140,0
32,Opponent2_M4,46.6986,36.5284,282,0
32,Opponent2_M5,41.7206,35.1324,68,1
32,Opponent2_M6,53.6029,32.0441,68,1
32,Opponent2_F1,35.066,56.7642,106,0
32,Opponent2_F3,33.407,44.6744,86,0
33,Huskies_G1,9.30769,46.7692,26,0
33,Huskies_D1,34.0722,32.1237,97,0
33,Huskies_D3,36.1099,66.1648,91,0
33,Huskies_D4,51.375,11.1023,88,0
33,Huskies_D8,48.8415,83.2805,82,0
33,Huskies_M1,61.1111,45.8667,45,1
33,Huskies_M3,48.4382,42.6742,89,0
33,Huskies_M4,63.3061,42.5918,49,0
33,Huskies_M11,60.5385,20.5385,13,1
33,Huskies_M12,53.3137,18.5098,51,0
33,Huskies_F1,57.6481,11.7778,54,1
33,Huskies_F2,55.1333,53.3111,45,0
33,Huskies_F5,70.8481,37.0633,79,0
33,Huskies_F6,60.6724,73.2414,58,0
33,Opponent13_D1,66.1667,59.4924,132,0
33,Opponent16_G2,89.3409,44.1818,44,0
33,Opponent16_D1,60.1089,82.3564,101,0
33,Opponent16_D4,57.0675,21.4663,163,0
33,Opponent16_D5,40.8306,12.5806,124,0
33,Opponent16_D6,66,65,1,1
33,Opponent16_M1,45.8345,30.5683,139,0
33,Opponent16_M2,41.2941,63.5882,17,1
33,Opponent16_M3,39.7883,56.9781,137,0
33,Opponent16_M4,51.0533,53.04,150,0
33,Opponent16_F1,33.3929,66.3393,56,0
33,Opponent16_F3,37.0172,45.8879,116,0
33,Opponent16_F4,56.5333,82.1667,30,1
33,Opponent16_F6,40.7889,19.7,90,0
34,Huskies_G1,9.36066,46.1475,61,0
34,Huskies_D1,29.823,36.177,113,0
34,Huskies_D3,33,64.3364,107,0
34,Huskies_D4,44.3763,12.914,93,0
34,Huskies_D8,48.3368,82.8632,95,0
34,Huskies_D10,25.8947,19.3158,19,1
34,Huskies_M1,53.093,35.8372,86,0
34,Huskies_M3,37.7436,37.6752,117,0
34,Huskies_M9,48.1429,22.7143,7,1
34,Huskies_M11,49.85,59.05,20,1
34,Huskies_M12,61.4494,17.9775,89,0
34,Huskies_F2,53.5631,48.9903,103,0
34,Huskies_F5,64.051,39.9184,98,0
34,Huskies_F6,61.8039,70.5294,51,0
34,Opponent14_F2,33.925,42.05,80,0
34,Opponent18_G1,89,48.7273,33,0
34,Opponent18_D1,64.2857,64.8961,77,0
34,Opponent18_D2,62.3153,32.0541,111,0
34,Opponent18_D3,55.4604,15.7194,139,0
34,Opponent18_D4,49.1013,85.6835,79,0
34,Opponent18_M1,42.1158,64.7474,95,0
34,Opponent18_M3,44.5556,18.6222,45,0
34,Opponent18_M5,42.9057,20.7925,53,1
34,Opponent18_M7,48.3559,48.2034,118,0
34,Opponent18_M8,48.7941,44.6029,68,0
34,Opponent18_F2,24.0833,31.25,24,1
34,Opponent18_F3,32.6538,51.5673,104,0
35,Huskies_G1,9.48718,47.7692,39,0
35,Huskies_D1,34.6948,36.9805,154,0
35,Huskies_D3,38.3923,66.4923,130,0
35,Huskies_D4,44.5299,14.7949,117,0
35,Huskies_D8,52.4719,82.6517,89,0
35,Huskies_M1,50.0259,51.8017,116,0
35,Huskies_M3,45.1053,46.8737,95,0
35,Huskies_M4,53.8333,45.8542,48,1
35,Huskies_M12,64.1549,33.831,71,0
35,Huskies_F1,54.4828,59,29,1
35,Huskies_F2,52.6574,51.9722,108,0
35,Huskies_F4,65.7778,61.5556,9,1
35,Huskies_F5,66.7206,45.2353,68,0
35,Huskies_F6,59.9886,57.25,88,0
35,Opponent17_G2,88.48,44.88,25,0
35,Opponent17_D1,70.1791,31.5672,67,0
35,Opponent17_D2,57.6324,16.0735,68,0
35,Opponent17_D3,68.6702,63.9255,94,0
35,Opponent17_D5,64.378,82.4146,82,0
35,Opponent17_M1,62.4605,44.9737,76,0
35,Opponent17_M2,50.8182,17.6104,77,0
35,Opponent17_M3,53.4272,56.6505,103,0
35,Opponent17_M5,47.3448,59.4138,29,1
35,Opponent17_M7,47.0182,66.4455,110,0
35,Opponent17_M8,31.1765,15.3529,17,1
35,Opponent17_F1,33.8462,56.8462,26,1
35,Opponent17_F3,38.7009,40.1795,117,0
35,Opponent17_F4,37.1081,53.9054,74,0
36,Huskies_G1,10.8205,48.4359,39,0
36,Huskies_D1,29.8356,42.137,73,0
36,Huskies_D3,34.8765,65.6173,81,0
36,Huskies_D4,42.0899,12.0562,89,0
36,Huskies_D8,50.3981,83.1944,108,0
36,Huskies_D10,29.8824,30.2941,17,1
36,Huskies_M1,50,50.3871,124,0
36,Huskies_M3,41.6195,43.885,113,0
36,Huskies_M4,53.0909,69,22,1
36,Huskies_M9,55.5714,73.5119,84,0
36,Huskies_F2,52.2527,40.5165,91,0
36,Huskies_F4,72.625,63.5,24,1
36,Huskies_F5,59.5,41.3108,74,0
36,Huskies_F6,58.9216,31.9314,102,0
36,Opponent15_G1,85.8649,47.1622,37,0
36,Opponent15_D1,63.4839,27.2366,93,0
36,Opponent15_D3,63.4407,66.1356,118,0
36,Opponent15_D4,33.2,78.9,20,1
36,Opponent15_D5,48.0102,84.6837,98,0
36,Opponent15_D6,42.9014,10.3239,71,0
36,Opponent15_M3,44.0376,52.5038,133,0
36,Opponent15_M5,40.5657,73.2323,99,0
36,Opponent15_M6,53.0843,44.7349,83,0
36,Opponent15_M7,34.1616,52.2929,99,0
36,Opponent15_M8,46.2432,70.5946,37,1
36,Opponent15_F2,35.2727,49.9091,11,1
36,Opponent15_F3,38.2073,19.7317,82,0
36,Opponent15_F4,33.8169,56.6197,71,0
37,Huskies_G1,10.4364,46.3636,55,0
37,Huskies_D1,39.1136,55.5341,88,0
37,Huskies_D3,32.9438,63.8652,89,0
37,Huskies_D4,51.9333,8.65556,90,0
37,Huskies_D8,60.1062,90.6195,113,0
37,Huskies_D10,41.1343,27.7761,67,1
37,Huskies_M1,56.5806,53.371,124,0
37,Huskies_M2,63.8947,66.8947,19,1
37,Huskies_M3,50.3509,47.2895,114,0
37,Huskies_M4,56.8857,54.7524,105,0
37,Huskies_M9,50.3488,21.7674,43,0
37,Huskies_M12,61.4857,87.6571,35,0
37,Huskies_F4,79.129,58.7097,31,1
37,Huskies_F5,69.4627,49.2388,67,0
37,Opponent13_G2,92.5217,49.9565,23,0
37,Opponent13_D2,67.5361,75.2577,97,0
37,Opponent13_D3,47.1548,10.3452,84,0
37,Opponent13_D4,49.1014,86.0725,69,0
37,Opponent13_D5,62.3818,48.1455,55,0
37,Opponent13_D6,64.7229,27.4578,83,0
37,Opponent13_M1,34.2987,26.7403,77,0
37,Opponent13_M2,50.2623,56.7951,122,0
37,Opponent13_M4,52.4375,26.875,16,1
37,Opponent13_M6,38.7931,74.5172,58,0
37,Opponent13_M7,52.6914,51.2099,81,0
37,Opponent13_M8,42.4375,66.6458,48,1
37,Opponent13_F1,35.6607,53.25,56,0
37,Opponent13_F2,29.75,41.9167,12,1
38,Huskies_G1,10.9091,51.3636,22,0
38,Huskies_D1,35.2198,57.8901,91,0
38,Huskies_D3,32.5179,57.1786,56,0
38,Huskies_D4,46.9559,14.7353,68,0
38,Huskies_D8,55.5455,84.4545,66,0
38,Huskies_D10,32.9583,31.5,24,0
38,Huskies_M1,49.8852,57.541,122,0
38,Huskies_M2,56.3171,60,41,1
38,Huskies_M3,45.0659,50.6923,91,0
38,Huskies_M4,57.9468,52.3191,94,0
38,Huskies_M12,73.2727,91.9091,11,1
38,Huskies_F4,66.8911,57.0495,101,0
38,Huskies_F5,69.8286,41.9143,35,0
38,Huskies_F6,69.0345,34.2759,29,1
38,Opponent14_G2,91.9565,51.087,46,0
38,Opponent14_D1,45.5417,16.6667,72,0
38,Opponent14_D2,54.7358,82.8774,106,0
38,Opponent14_D4,68.459,57.2787,61,0
38,Opponent14_D5,37.0526,89.7632,38,0
38,Opponent14_D6,58.5584,21.9481,77,0
38,Opponent14_D7,41.5,56.25,4,1
38,Opponent14_M1,37.136,55.896,125,0
38,Opponent14_M2,46.25,28.5,8,1
38,Opponent14_M3,53.2651,43.4578,83,0
38,Opponent14_M4,51.1402,53.5701,107,0
38,Opponent14_M5,40.562,48.4215,121,0
38,Opponent14_M6,46.5333,83.2889,90,1
38,Opponent14_F1,25.3906,54.6875,128,0
